"","Organism","n_prot"
"1","[Candida] intermedia",10617
"2","[Torrubiella] hemipterigena",11065
"3","Aaosphaeria arxii CBS 175.79",13815
"4","Absidia glauca (Pin mould)",14217
"5","Absidia repens",14353
"6","Acaromyces ingoldii",7585
"7","Acidomyces richmondensis BFW",10856
"8","Agaricus bisporus var. burnettii (strain JB137-S8 / ATCC MYA-4627 / FGSC 10392) (White button mushroom)",10948
"9","Ajellomyces capsulatus (strain G186AR / H82 / ATCC MYA-2454 / RMSCC 2432) (Darling's disease fungus) (Histoplasma capsulatum)",9199
"10","Ajellomyces capsulatus (strain H143) (Darling's disease fungus) (Histoplasma capsulatum)",9314
"11","Ajellomyces capsulatus (strain H88) (Darling's disease fungus) (Histoplasma capsulatum)",9125
"12","Ajellomyces capsulatus (strain NAm1 / WU24) (Darling's disease fungus) (Histoplasma capsulatum)",8963
"13","Ajellomyces dermatitidis (strain ATCC 18188 / CBS 674.68) (Blastomyces dermatitidis)",10368
"14","Ajellomyces dermatitidis (strain ER-3 / ATCC MYA-2586) (Blastomyces dermatitidis)",10074
"15","Akanthomyces lecanii RCEF 1005",10646
"16","Allomyces macrogynus (strain ATCC 38327) (Allomyces javanicus var. macrogynus)",18388
"17","Alternaria alternata (Alternaria rot fungus) (Torula alternata)",23853
"18","Alternaria arborescens",12610
"19","Alternaria tenuissima",28377
"20","Amanita muscaria (strain Koide BX008)",17633
"21","Amanita thiersii Skay4041",10068
"22","Amniculicola lignicola CBS 123094",15156
"23","Amorphotheca resinae ATCC 22711",9357
"24","Ampelomyces quisqualis (Powdery mildew agent)",10893
"25","Anaeromyces robustus",11854
"26","Antrodiella citrinella",8912
"27","Apiotrichum porosum",8817
"28","Aplosporella prunicola CBS 121167",12153
"29","Armillaria gallica (Bulbous honey fungus) (Armillaria bulbosa)",25337
"30","Armillaria ostoyae (Armillaria root rot fungus)",21642
"31","Armillaria solidipes",20453
"32","Arthrobotrys flagrans",9927
"33","Arthrobotrys oligospora (strain ATCC 24927 / CBS 115.81 / DSM 1491) (Nematode-trapping fungus) (Didymozoophaga oligospora)",10989
"34","Arthroderma benhamiae (strain ATCC MYA-4681 / CBS 112371) (Trichophyton mentagrophytes)",7692
"35","Arthroderma gypseum (strain ATCC MYA-4604 / CBS 118893) (Microsporum gypseum)",8604
"36","Arthroderma otae (strain ATCC MYA-4605 / CBS 113480) (Microsporum canis)",8454
"37","Ascobolus immersus RN42",17317
"38","Ascodesmis nigricans",9344
"39","Ascoidea rubescens DSM 1968",6424
"40","Ascosphaera apis ARSEF 7405",6116
"41","Aspergillus aculeatus (strain ATCC 16872 / CBS 172.66 / WB 5094)",10454
"42","Aspergillus arachidicola",21803
"43","Aspergillus avenaceus",10924
"44","Aspergillus awamori (Black koji mold)",10648
"45","Aspergillus bertholletiae",12575
"46","Aspergillus bombycis",11858
"47","Aspergillus brasiliensis (strain CBS 101740 / IMI 381727 / IBT 21946)",12541
"48","Aspergillus caelatus",13571
"49","Aspergillus calidoustus",15037
"50","Aspergillus campestris (strain IBT 28561)",9327
"51","Aspergillus candidus",9331
"52","Aspergillus carbonarius (strain ITEM 5010)",10715
"53","Aspergillus chevalieri (Eurotium chevalieri)",9994
"54","Aspergillus clavatus (strain ATCC 1007 / CBS 513.65 / DSM 816 / NCTC 3887 / NRRL 1 / QM 1276 / 107)",8832
"55","Aspergillus coremiiformis",8761
"56","Aspergillus cristatus (Chinese Fuzhuan brick tea-fermentation fungus) (Eurotium cristatum)",9814
"57","Aspergillus ellipticus CBS 707.79",12464
"58","Aspergillus eucalypticola (strain CBS 122712 / IBT 29274)",11461
"59","Aspergillus flavus",31013
"60","Aspergillus flavus (strain ATCC 200026 / FGSC A1120 / IAM 13836 / NRRL 3357 / JCM 12722 / SRRC 167)",19456
"61","Aspergillus flavus (strain ATCC MYA-384 / AF70)",12783
"62","Aspergillus fumigatus (strain ATCC MYA-4609 / CBS 101355 / FGSC A1100 / Af293) (Neosartorya fumigata)",9392
"63","Aspergillus fumigatus (strain CBS 144.89 / FGSC A1163 / CEA10) (Neosartorya fumigata)",9622
"64","Aspergillus fumigatus Z5",9180
"65","Aspergillus glaucus CBS 516.65",10903
"66","Aspergillus heteromorphus CBS 117.55",10467
"67","Aspergillus homomorphus (strain CBS 101889)",10961
"68","Aspergillus ibericus CBS 121593",11292
"69","Aspergillus indologenus CBS 114.80",11739
"70","Aspergillus kawachii (strain NBRC 4308) (White koji mold) (Aspergillus awamori var. kawachi)",11094
"71","Aspergillus kawachii (White koji mold) (Aspergillus awamori var. kawachi)",21605
"72","Aspergillus lacticoffeatus (strain CBS 101883)",12634
"73","Aspergillus leporis",12359
"74","Aspergillus luchuensis (strain CBS 106.47)",13031
"75","Aspergillus minisclerotigenes",13066
"76","Aspergillus mulundensis",11152
"77","Aspergillus neoniger (strain CBS 115656)",11506
"78","Aspergillus niger",22534
"79","Aspergillus niger (strain ATCC 1015 / CBS 113.46 / FGSC A1144 / LSHB Ac4 / NCTC 3858a / NRRL 328 / USDA 3528.7)",10565
"80","Aspergillus niger (strain ATCC MYA-4892 / CBS 513.88 / FGSC A1513)",13590
"81","Aspergillus niger ATCC 13496",11483
"82","Aspergillus nomiae NRRL 13137",11474
"83","Aspergillus novofumigatus (strain IBT 16806)",11132
"84","Aspergillus novoparasiticus",13815
"85","Aspergillus ochraceoroseus",7519
"86","Aspergillus ochraceoroseus IBT 24754",8528
"87","Aspergillus oryzae (strain 3.042) (Yellow koji mold)",11079
"88","Aspergillus oryzae (strain ATCC 42149 / RIB 40) (Yellow koji mold)",11793
"89","Aspergillus oryzae (Yellow koji mold)",11366
"90","Aspergillus parasiticus",13605
"91","Aspergillus parasiticus (strain ATCC 56775 / NRRL 5862 / SRRC 143 / SU-1)",8346
"92","Aspergillus phoenicis ATCC 13157",11232
"93","Aspergillus pseudocaelatus",13514
"94","Aspergillus pseudonomiae",18589
"95","Aspergillus pseudotamarii",13056
"96","Aspergillus puulaauensis",13240
"97","Aspergillus rambellii",7407
"98","Aspergillus ruber (strain CBS 135680)",9736
"99","Aspergillus saccharolyticus JOP 1030-1",9694
"100","Aspergillus sclerotialis",11028
"101","Aspergillus sclerotiicarbonarius (strain CBS 121057 / IBT 28362)",12126
"102","Aspergillus sclerotioniger CBS 115572",11887
"103","Aspergillus sergii",13325
"104","Aspergillus sp. HF37",8646
"105","Aspergillus steynii IBT 23096",12525
"106","Aspergillus sydowii CBS 593.65",12978
"107","Aspergillus taichungensis",9352
"108","Aspergillus tamarii",13030
"109","Aspergillus tanneri",20111
"110","Aspergillus terreus (strain NIH 2624 / FGSC A1156)",10061
"111","Aspergillus thermomutatus",9319
"112","Aspergillus transmontanensis",13823
"113","Aspergillus tubingensis (strain CBS 134.48)",11871
"114","Aspergillus turcosus",13241
"115","Aspergillus uvarum CBS 121591",11606
"116","Aspergillus vadensis (strain CBS 113365 / IMI 142717 / IBT 24658)",11704
"117","Aspergillus versicolor CBS 583.65",12776
"118","Aspergillus violaceofuscus (strain CBS 115571)",11646
"119","Aspergillus welwitschiae",13352
"120","Aspergillus wentii DTO 134E9",12000
"121","Aulographum hederae CBS 113979",11729
"122","Aureobasidium melanogenum CBS 110374",10334
"123","Aureobasidium namibiae CBS 147.97",10003
"124","Aureobasidium pullulans (Black yeast) (Pullularia pullulans)",281168
"125","Aureobasidium pullulans EXF-150",11530
"126","Aureobasidium subglaciale (strain EXF-2481) (Aureobasidium pullulans var. subglaciale)",10488
"127","Auriculariopsis ampla",15066
"128","Babjeviella inositovora NRRL Y-12698",6230
"129","Basidiobolus meristosporus CBS 931.73",15202
"130","Batrachochytrium dendrobatidis (strain JAM81 / FGSC 10211) (Frog chytrid fungus)",8329
"131","Batrachochytrium dendrobatidis (strain JEL423)",9126
"132","Batrachochytrium salamandrivorans",11433
"133","Baudoinia panamericana (strain UAMH 10762) (Angels' share fungus) (Baudoinia compniacensis (strain UAMH 10762))",10232
"134","Beauveria bassiana (strain ARSEF 2860) (White muscardine disease fungus) (Tritirachium shiotae)",9979
"135","Beauveria bassiana (White muscardine disease fungus) (Tritirachium shiotae)",20600
"136","Beauveria bassiana D1-5",11395
"137","Beauveria brongniartii RCEF 3172",9259
"138","Bimuria novae-zelandiae CBS 107.79",16209
"139","Bionectria ochroleuca (Gliocladium roseum)",13324
"140","Bipolaris oryzae ATCC 44560",11655
"141","Bipolaris victoriae (strain FI3) (Victoria blight of oats agent) (Cochliobolus victoriae)",12512
"142","Blastomyces dermatitidis ATCC 26199",9565
"143","Blastomyces gilchristii (strain SLH14081) (Blastomyces dermatitidis)",9974
"144","Blastomyces parvus",7892
"145","Blastomyces percursus",10003
"146","Blastomyces silverae",8307
"147","Blumeria graminis f. sp. hordei (strain DH14) (Barley powdery mildew) (Oidium monilioides f. sp. hordei)",6245
"148","Blumeria graminis f. sp. tritici 96224",7783
"149","Blyttiomyces helicus",11942
"150","Bondarzewia mesenterica",8789
"151","Botryobasidium botryosum FD-172 SS1",16140
"152","Botryosphaeria parva (strain UCR-NP2) (Grapevine canker fungus) (Neofusicoccum parvum)",10168
"153","Botryotinia calthae",11920
"154","Botryotinia convoluta",12047
"155","Botryotinia fuckeliana (strain B05.10) (Noble rot fungus) (Botrytis cinerea)",12706
"156","Botryotinia fuckeliana (strain BcDW1) (Noble rot fungus) (Botrytis cinerea)",10597
"157","Botryotinia fuckeliana (strain T4) (Noble rot fungus) (Botrytis cinerea)",15999
"158","Botryotinia narcissicola",11902
"159","Botrytis elliptica",12153
"160","Botrytis galanthina",11975
"161","Botrytis hyacinthi",11738
"162","Botrytis paeoniae",11666
"163","Botrytis porri",11540
"164","Botrytis tulipae",12171
"165","Byssochlamys spectabilis (Paecilomyces variotii)",9023
"166","Byssochlamys spectabilis (strain No. 5 / NBRC 109023) (Paecilomyces variotii)",8460
"167","Byssothecium circinans",15212
"168","Cadophora sp. DSE1049",22305
"169","Calocera cornea HHB12733",12812
"170","Calocera viscosa (strain TUFC12733)",12067
"171","Candida auris (Yeast)",11215
"172","Candida tropicalis (strain ATCC MYA-3404 / T1) (Yeast)",6029
"173","Candida viswanathii",10226
"174","Candolleomyces aberdarensis",12980
"175","Capronia coronata CBS 617.96",8920
"176","Capronia epimyces CBS 606.96",10152
"177","Catenaria anguillulae PL171",12314
"178","Caulochytrium protostelioides",8090
"179","Ceraceosorus bombacis",7457
"180","Ceraceosorus guamensis",7354
"181","Ceratobasidium theobromae",8457
"182","Ceratocystis fimbriata CBS 114723",6896
"183","Cercospora berteroae",11509
"184","Cercospora beticola (Sugarbeet leaf spot fungus)",12279
"185","Cercospora zeae-maydis SCOH1-5",11728
"186","Ceriporiopsis subvermispora (strain B) (White-rot fungus) (Gelatoporia subvermispora)",11765
"187","Chaetomium globosum (strain ATCC 6205 / CBS 148.51 / DSM 1962 / NBRC 6347 / NRRL 1970) (Soil fungus)",10573
"188","Chaetomium thermophilum (strain DSM 1495 / CBS 144.50 / IMI 039719) (Thermochaetoides thermophila)",6830
"189","Chaetothyriales sp. CBS 134916",6279
"190","Choanephora cucurbitarum",11045
"191","Choiromyces venosus 120613-1",17447
"192","Chytriomyces confervae",10026
"193","Cladophialophora bantiana CBS 173.52",12411
"194","Cladophialophora carrionii",11218
"195","Cladophialophora carrionii CBS 160.54",10066
"196","Cladophialophora immunda",13194
"197","Cladophialophora psammophila CBS 110553",13082
"198","Cladophialophora yegresii CBS 114405",9829
"199","Clathrospora elynae",13208
"200","Claviceps purpurea (strain 20.1) (Ergot fungus) (Sphacelia segetum)",8502
"201","Clohesyomyces aquaticus",15404
"202","Coccidioides immitis (strain RS) (Valley fever fungus)",9434
"203","Coccidioides immitis H538.4",10429
"204","Coccidioides immitis RMSCC 2394",10144
"205","Coccidioides immitis RMSCC 3703",10323
"206","Coccidioides posadasii (strain C735) (Valley fever fungus)",6933
"207","Coccidioides posadasii RMSCC 3488",9690
"208","Cochliobolus carbonum (strain 26-R-13) (Maize leaf spot fungus) (Bipolaris zeicola)",12477
"209","Cochliobolus heterostrophus (strain C4 / ATCC 48331 / race T) (Southern corn leaf blight fungus) (Bipolaris maydis)",12341
"210","Cochliobolus heterostrophus (strain C5 / ATCC 48332 / race O) (Southern corn leaf blight fungus) (Bipolaris maydis)",12526
"211","Cochliobolus sativus (strain ND90Pr / ATCC 201652) (Common root rot and spot blotch fungus) (Bipolaris sorokiniana)",11821
"212","Coemansia reversa (strain ATCC 12441 / NRRL 1564)",7150
"213","Coleophoma crateriformis",12807
"214","Coleophoma cylindrospora",13702
"215","Colletotrichum chlorophyti",9908
"216","Colletotrichum fioriniae PJ7",13267
"217","Colletotrichum fructicola (strain Nara gc5) (Anthracnose fungus) (Colletotrichum gloeosporioides (strain Nara gc5))",24283
"218","Colletotrichum gloeosporioides (strain Cg-14) (Anthracnose fungus) (Glomerella cingulata)",15677
"219","Colletotrichum graminicola (strain M1.001 / M2 / FGSC 10212) (Maize anthracnose fungus) (Glomerella graminicola)",11652
"220","Colletotrichum higginsianum",12553
"221","Colletotrichum higginsianum (strain IMI 349063) (Crucifer anthracnose fungus)",17640
"222","Colletotrichum incanum",19573
"223","Colletotrichum nymphaeae SA-01",13932
"224","Colletotrichum orbiculare (strain 104-T / ATCC 96160 / CBS 514.97 / LARS 414 / MAFF 240422) (Cucumber anthracnose fungus) (Colletotrichum lagenarium)",12812
"225","Colletotrichum orchidophilum",14101
"226","Colletotrichum salicis",13349
"227","Colletotrichum shisoi",11437
"228","Colletotrichum sidae",12101
"229","Colletotrichum simmondsii",13379
"230","Colletotrichum spinosum",12173
"231","Colletotrichum sublineola (Sorghum anthracnose fungus)",12257
"232","Colletotrichum tanaceti",11726
"233","Colletotrichum tofieldiae",12087
"234","Colletotrichum trifolii",11900
"235","Collybiopsis luxurians FD-317 M1",14366
"236","Conidiobolus coronatus (strain ATCC 28846 / CBS 209.66 / NRRL 28638) (Delacroixia coronata)",10426
"237","Coniella lustricola",10965
"238","Coniochaeta ligniaria NRRL 30616",13285
"239","Coniochaeta pulveracea",9627
"240","Coniochaeta sp. 2T2.1",23790
"241","Coniophora puteana (strain RWD-64-598) (Brown rot fungus)",13393
"242","Coniosporium apollinis (strain CBS 100218) (Rock-inhabiting black yeast)",9003
"243","Coprinellus micaceus (Glistening ink-cap mushroom) (Coprinus micaceus)",22203
"244","Coprinopsis cinerea (strain Okayama-7 / 130 / ATCC MYA-4618 / FGSC 9003) (Inky cap fungus) (Hormographiella aspergillata)",12927
"245","Coprinopsis marcescibilis (Agaric fungus) (Psathyrella marcescibilis)",14095
"246","Cordyceps confragosa (Lecanicillium lecanii)",7768
"247","Cordyceps fumosorosea (strain ARSEF 2679) (Isaria fumosorosea)",9706
"248","Cordyceps javanica",11078
"249","Cordyceps militaris (Caterpillar fungus) (Clavaria militaris)",9075
"250","Cordyceps militaris (strain CM01) (Caterpillar fungus)",9275
"251","Cordyceps sp. RAO-2017",10955
"252","Corynespora cassiicola Philippines",16733
"253","Crucibulum laeve",13829
"254","Cryomyces minteri",12885
"255","Cryptococcus amylolentus CBS 6039",9493
"256","Cryptococcus amylolentus CBS 6273",7851
"257","Cryptococcus depauperatus CBS 7841",6265
"258","Cryptococcus depauperatus CBS 7855",6101
"259","Cryptococcus floricola",7856
"260","Cryptococcus gattii CA1280",6401
"261","Cryptococcus gattii EJB2",6485
"262","Cryptococcus gattii serotype B (strain WM276 / ATCC MYA-4071) (Filobasidiella gattii) (Cryptococcus bacillisporus)",6276
"263","Cryptococcus gattii VGII Ram5",6215
"264","Cryptococcus gattii VGIV IND107",6428
"265","Cryptococcus neoformans var. grubii c45",6589
"266","Cryptococcus neoformans var. grubii serotype A (strain H99 / ATCC 208821 / CBS 10515 / FGSC 9487) (Filobasidiella neoformans var. grubii)",7103
"267","Cryptococcus neoformans var. grubii Tu259-1",6621
"268","Cryptococcus neoformans var. neoformans serotype D (strain B-3501A) (Filobasidiella neoformans)",6281
"269","Cryptococcus neoformans var. neoformans serotype D (strain JEC21 / ATCC MYA-565) (Filobasidiella neoformans)",6434
"270","Cryptococcus wingfieldii CBS 7118",7763
"271","Cutaneotrichosporon oleaginosum",8063
"272","Cyberlindnera fabianii (Yeast) (Hansenula fabianii)",9295
"273","Cyberlindnera jadinii (strain ATCC 18201 / CBS 1600 / BCRC 20928 / JCM 3617 / NBRC 0987 / NRRL Y-1542) (Torula yeast) (Candida utilis)",9414
"274","Cylindrobasidium torrendii FP15055 ss-10",13624
"275","Cyphellophora europaea CBS 101466",10780
"276","Cytospora leucostoma",9750
"277","Dacryopinax primogenitus (strain DJM 731) (Brown rot fungus)",10008
"278","Dactylellina haptotyla (strain CBS 200.50) (Nematode-trapping fungus) (Monacrosporium haptotylum)",10451
"279","Daedalea quercina L-15889",11897
"280","Daldinia sp. EC12",10815
"281","Debaryomyces hansenii (strain ATCC 36239 / CBS 767 / BCRC 21394 / JCM 1990 / NBRC 0083 / IGC 2968) (Yeast) (Torulaspora hansenii)",6101
"282","Decorospora gaudefroyi",11455
"283","Dendrothele bispora (strain CBS 962.96)",32551
"284","Dentipellis fragilis",9798
"285","Dentipellis sp. KUC8613",13995
"286","Diaporthe ampelina",10511
"287","Diaporthe helianthi",12729
"288","Dichomitus squalens",35398
"289","Dichomitus squalens (strain LYAD-421) (Western red white-rot fungus)",7039
"290","Didymella exigua CBS 183.55",12027
"291","Didymella rabiei (Chickpea ascochyta blight fungus) (Mycosphaerella rabiei)",10151
"292","Dimargaris cristalligena",7239
"293","Diplodia corticola",10422
"294","Diplodia seriata",16137
"295","Dissoconium aciculare CBS 342.82",9967
"296","Diversispora epigaea",26529
"297","Dothidotthia symphoricarpi CBS 119687",11443
"298","Dothistroma septosporum (strain NZE10 / CBS 128990) (Red band needle blight fungus) (Mycosphaerella pini)",12131
"299","Drechmeria coniospora",7851
"300","Elaphomyces granulatus",6821
"301","Elsinoe ampelina",9919
"302","Elsinoe australis",17598
"303","Emergomyces africanus",8492
"304","Emergomyces pasteurianus Ep9510",8636
"305","Emericella nidulans (strain FGSC A4 / ATCC 38163 / CBS 112.46 / NRRL 194 / M139) (Aspergillus nidulans)",18472
"306","Emmonsia crescens",8592
"307","Emmonsia crescens UAMH 3008",9140
"308","Endocarpon pusillum (strain Z07020 / HMAS-L-300199) (Lichen-forming fungus)",8781
"309","Endogone sp. FLAS-F59071",9100
"310","Epicoccum nigrum (Soil fungus) (Epicoccum purpurascens)",11729
"311","Erysiphe neolycopersici",6613
"312","Erysiphe pulchra",6609
"313","Escovopsis weberi",6682
"314","Eutypa lata (strain UCR-EL1) (Grapevine dieback disease fungus) (Eutypa armeniacae)",11462
"315","Exidia glandulosa HHB12029",25941
"316","Exophiala aquamarina CBS 119918",12788
"317","Exophiala dermatitidis (strain ATCC 34100 / CBS 525.76 / NIH/UT8656) (Black yeast) (Wangiella dermatitidis)",9065
"318","Exophiala mesophila (Black yeast)",19341
"319","Exophiala oligosperma",12466
"320","Exophiala sideris",10516
"321","Exophiala spinifera",11746
"322","Exophiala xenobiotica",12412
"323","Exserohilum turcicum (strain 28A) (Northern leaf blight fungus) (Setosphaeria turcica)",11338
"324","Fibroporia radiculosa",8901
"325","Fibularhizoctonia sp. CBS 109695",31395
"326","Fistulina hepatica ATCC 64428",9127
"327","Fomitopsis schrenkii (Brown rot fungus)",13488
"328","Fonsecaea erecta",11734
"329","Fonsecaea monophora",11627
"330","Fonsecaea multimorphosa",11424
"331","Fonsecaea multimorphosa CBS 102226",12027
"332","Fonsecaea nubica",11315
"333","Fonsecaea pedrosoi CBS 271.37",12509
"334","Friedmanniomyces endolithicus",17242
"335","Friedmanniomyces simplex",13239
"336","Fungal sp. (strain No.11243)",9452
"337","Furculomyces boomerangus",6282
"338","Fusarium ambrosium",16835
"339","Fusarium coffeatum",11335
"340","Fusarium culmorum",18638
"341","Fusarium duplospermum",15820
"342","Fusarium euwallaceae",17188
"343","Fusarium flagelliforme",12557
"344","Fusarium floridanum",16318
"345","Fusarium kuroshium",16069
"346","Fusarium langsethiae",11490
"347","Fusarium longipes",11012
"348","Fusarium mangiferae (Mango malformation disease fungus)",15381
"349","Fusarium odoratissimum NRRL 54006",19221
"350","Fusarium oligoseptatum",17367
"351","Fusarium oxysporum (Fusarium vascular wilt)",63162
"352","Fusarium oxysporum (strain Fo5176) (Fusarium vascular wilt)",30262
"353","Fusarium oxysporum f. sp. cepae",18355
"354","Fusarium oxysporum f. sp. conglutinans race 2 54008",22679
"355","Fusarium oxysporum f. sp. cubense",30537
"356","Fusarium oxysporum f. sp. cubense (strain race 1) (Panama disease fungus)",14981
"357","Fusarium oxysporum f. sp. cubense (strain race 4) (Panama disease fungus)",13793
"358","Fusarium oxysporum f. sp. lycopersici (strain 4287 / CBS 123668 / FGSC 9935 / NRRL 34936) (Fusarium vascular wilt of tomato)",14143
"359","Fusarium oxysporum f. sp. melonis 26406",22698
"360","Fusarium oxysporum f. sp. narcissi",20106
"361","Fusarium oxysporum f. sp. pisi HDV247",22625
"362","Fusarium oxysporum f. sp. radicis-cucumerinum",16481
"363","Fusarium oxysporum f. sp. raphani 54005",22139
"364","Fusarium oxysporum f. sp. vasinfectum 25433",21652
"365","Fusarium oxysporum Fo47",26068
"366","Fusarium oxysporum NRRL 32931",20156
"367","Fusarium poae",13657
"368","Fusarium proliferatum (strain ET1) (Orchid endophyte fungus)",15648
"369","Fusarium pseudograminearum (strain CS3096) (Wheat and barley crown-rot fungus)",12026
"370","Fusarium pseudograminearum (Wheat and barley crown-rot fungus)",11045
"371","Fusarium sp. AF-6",14869
"372","Fusarium sporotrichioides",11769
"373","Fusarium vanettenii (strain ATCC MYA-4622 / CBS 123669 / FGSC 9596 / NRRL 45880 / 77-13-4) (Fusarium solani subsp. pisi)",15303
"374","Fusarium venenatum",13591
"375","Gaeumannomyces tritici (strain R3-111a-1) (Wheat and barley take-all root rot fungus) (Gaeumannomyces graminis var. tritici)",14161
"376","Galerina marginata (strain CBS 339.88)",20902
"377","Ganoderma sinense ZZ0214-1",15006
"378","Geotrichum candidum (Oospora lactis) (Dipodascus geotrichum)",6601
"379","Gibberella fujikuroi (Bakanae and foot rot disease fungus) (Fusarium fujikuroi)",10010
"380","Gibberella fujikuroi (strain CBS 195.34 / IMI 58289 / NRRL A-6831) (Bakanae and foot rot disease fungus) (Fusarium fujikuroi)",14341
"381","Gibberella intermedia (Bulb rot disease fungus) (Fusarium proliferatum)",27067
"382","Gibberella moniliformis (Maize ear and stalk rot fungus) (Fusarium verticillioides)",22179
"383","Gibberella moniliformis (strain M3125 / FGSC 7600) (Maize ear and stalk rot fungus) (Fusarium verticillioides)",17349
"384","Gibberella nygamai (Bean root rot disease fungus) (Fusarium nygamai)",15747
"385","Gibberella zeae (strain ATCC MYA-4620 / CBS 123657 / FGSC 9075 / NRRL 31084 / PH-1) (Wheat head blight fungus) (Fusarium graminearum)",15911
"386","Gigaspora rosea",30703
"387","Glarea lozoyensis (strain ATCC 20868 / MF5171)",12641
"388","Glarea lozoyensis (strain ATCC 74030 / MF5533)",7756
"389","Gloeophyllum trabeum (strain ATCC 11539 / FP-39264 / Madison 617) (Brown rot fungus)",11461
"390","Glomus cerebriforme",19805
"391","Golovinomyces cichoracearum",18834
"392","Gonapodya prolifera (strain JEL478) (Monoblepharis prolifera)",13347
"393","Grifola frondosa (Maitake) (Polyporus frondosus)",14764
"394","Grosmannia clavigera (strain kw1407 / UAMH 11150) (Blue stain fungus) (Graphiocladiella clavigera)",7873
"395","Gymnopilus dilepis",15448
"396","Gymnopus androsaceus JB14",28763
"397","Hamiltosporidium magnivora",8125
"398","Hamiltosporidium tvaerminnensis",8973
"399","Hapsidospora chrysogenum (strain ATCC 11550 / CBS 779.69 / DSM 880 / IAM 14645 / JCM 23072 / IMI 49137) (Acremonium chrysogenum)",8581
"400","Hebeloma cylindrosporum h7",14988
"401","Helicocarpus griseus UAMH5409",9854
"402","Heliocybe sulcata",12279
"403","Hericium alpestre",9631
"404","Hermanssonia centrifuga",21075
"405","Hesseltinella vesiculosa",10793
"406","Heterobasidion irregulare (strain TC 32-1)",12887
"407","Hirsutella minnesotensis 3608",8672
"408","Hortaea werneckii",126311
"409","Hortaea werneckii EXF-2000",14841
"410","Hyaloscypha bicolor E",18179
"411","Hyaloscypha hepaticicola",16397
"412","Hyaloscypha variabilis F",19892
"413","Hydnomerulius pinastri MD-312",7619
"414","Hypholoma sublateritium (strain FD-334 SS-4)",16802
"415","Hypocrea atroviridis (strain ATCC 20476 / IMI 206040) (Trichoderma atroviride)",11444
"416","Hypocrea jecorina (strain ATCC 56765 / BCRC 32924 / NRRL 11460 / Rut C-30) (Trichoderma reesei)",9521
"417","Hypocrea jecorina (strain QM6a) (Trichoderma reesei)",8800
"418","Hypocrea virens (strain Gv29-8 / FGSC 10586) (Gliocladium virens) (Trichoderma virens)",11986
"419","Hypoxylon sp. CI-4A",11366
"420","Hypoxylon sp. CO27-5",11892
"421","Hypoxylon sp. EC38",12171
"422","Hypsizygus marmoreus (White beech mushroom) (Agaricus marmoreus)",15866
"423","Jaapia argillacea MUCL 33604",15994
"424","Jaminaea rosea",6442
"425","Jimgerdemannia flammicorona",25663
"426","Kockovaella imperatae",7139
"427","Kwoniella bestiolae CBS 10118",8793
"428","Kwoniella dejecticola CBS 10117",8242
"429","Kwoniella heveanensis BCC8398",7548
"430","Kwoniella heveanensis CBS 569",7496
"431","Kwoniella mangroviensis CBS 10435",8093
"432","Kwoniella pini CBS 10737",7490
"433","Kwoniella shandongensis",7080
"434","Laccaria amethystina LaAM-08-1",20559
"435","Laccaria bicolor (strain S238N-H82 / ATCC MYA-4686) (Bicoloured deceiver) (Laccaria laccata var. bicolor)",17500
"436","Lachnellula cervina",9081
"437","Lachnellula willkommii",8682
"438","Laetiporus sulphureus 93-53",13415
"439","Lasallia pustulata",16432
"440","Lasiodiplodia theobromae",12771
"441","Lentinula edodes (Shiitake mushroom) (Lentinus edodes)",12156
"442","Lentinus tigrinus ALCF2SS1-6",15213
"443","Lentinus tigrinus ALCF2SS1-7",15011
"444","Lentithecium fluviatile CBS 122367",16318
"445","Leptosphaeria maculans (strain JN3 / isolate v23.1.3 / race Av1-4-5-6-7-8) (Blackleg fungus) (Phoma lingam)",12196
"446","Leucoagaricus sp. SymC.cos",12236
"447","Leucosporidium creatinivorum",9559
"448","Lichtheimia corymbifera JMRC:FSU:9682",12856
"449","Lichtheimia ramosa",11215
"450","Linderina pennispora",9060
"451","Lineolata rhizophorae",9914
"452","Linnemannia elongata AG-77",14269
"453","Lipomyces starkeyi NRRL Y-11557",7948
"454","Lobosporangium transversale",11138
"455","Lomentospora prolificans",8217
"456","Lophiostoma macrostomum CBS 122681",15772
"457","Lophiotrema nucula",17704
"458","Lophium mytilinum",14767
"459","Macrophomina phaseolina (strain MS6) (Charcoal rot fungus)",13386
"460","Madurella mycetomatis",9594
"461","Magnaporthe grisea (Crabgrass-specific blast fungus) (Pyricularia grisea)",12452
"462","Magnaporthe oryzae (Rice blast fungus) (Pyricularia oryzae)",13601
"463","Magnaporthe oryzae (strain 70-15 / ATCC MYA-4617 / FGSC 8958) (Rice blast fungus) (Pyricularia oryzae)",12974
"464","Magnaporthe oryzae (strain P131) (Rice blast fungus) (Pyricularia oryzae)",12270
"465","Magnaporthiopsis poae (strain ATCC 64411 / 73-15) (Kentucky bluegrass fungus) (Magnaporthe poae)",11902
"466","Malassezia sympodialis (strain ATCC 42132) (Atopic eczema-associated yeast)",6321
"467","Marssonina brunnea f. sp. multigermtubi (strain MB_m1) (Marssonina leaf spot fungus)",9631
"468","Marssonina coronariae",9019
"469","Massarina eburnea CBS 473.64",12592
"470","Massariosphaeria phaeospora",13665
"471","Meira miltonrushii",7135
"472","Melampsora larici-populina (strain 98AG31 / pathotype 3-4-7) (Poplar leaf rust fungus)",15997
"473","Melanomma pulvis-pyrius CBS 109.77",15417
"474","Metarhizium acridum (strain CQMa 102)",9491
"475","Metarhizium album (strain ARSEF 1941)",8078
"476","Metarhizium anisopliae (strain ARSEF 549)",10458
"477","Metarhizium anisopliae BRIP 53293",10988
"478","Metarhizium brunneum",11135
"479","Metarhizium guizhouense (strain ARSEF 977)",11286
"480","Metarhizium majus (strain ARSEF 297)",11010
"481","Metarhizium rileyi",8599
"482","Metarhizium rileyi (strain RCEF 4871) (Nomuraea rileyi)",8415
"483","Metarhizium robertsii",12132
"484","Metarhizium robertsii (strain ARSEF 23 / ATCC MYA-3075) (Metarhizium anisopliae (strain ARSEF 23))",11262
"485","Metschnikowia sp. JCM 33374",6424
"486","Microbotryum intermedium",7525
"487","Microbotryum lychnidis-dioicae (strain p1A1 Lamole / MvSl-1064) (Anther smut fungus)",7266
"488","Microbotryum saponariae",9665
"489","Microbotryum silenes-dioicae",11616
"490","Microdochium bolleyi",12871
"491","Microthyrium microscopicum",12196
"492","Mixia osmundae (strain CBS 9802 / IAM 14324 / JCM 22182 / KY 12970)",6371
"493","Moelleriella libera RCEF 2490",8145
"494","Mollisia scopiformis (Conifer needle endophyte fungus) (Phialocephala scopiformis)",18149
"495","Monascus purpureus (Red mold) (Monascus anka)",7853
"496","Monilinia fructicola (Brown rot fungus) (Ciboria fructicola)",13595
"497","Monilinia fructigena",10479
"498","Monilinia laxa (Brown rot fungus) (Sclerotinia laxa)",12169
"499","Monilinia vaccinii-corymbosi",9031
"500","Moniliophthora perniciosa (strain FA553 / isolate CP02) (Witches'-broom disease fungus) (Marasmius perniciosus)",12901
"501","Moniliophthora roreri",19155
"502","Moniliophthora roreri (strain MCA 2997) (Cocoa frosty pod rot fungus) (Crinipellis roreri)",17628
"503","Monosporascus ibericus",10657
"504","Monosporascus sp. 5C6A",12056
"505","Monosporascus sp. CRB-8-3",11350
"506","Monosporascus sp. CRB-9-2",11553
"507","Monosporascus sp. GIB2",11338
"508","Monosporascus sp. MC13-8B",10271
"509","Monosporascus sp. MG133",11110
"510","Monosporascus sp. mg162",11416
"511","Morchella conica CCBAS932",11248
"512","Mucor ambiguus",10841
"513","Mucor circinelloides f. circinelloides (strain 1006PhL) (Mucormycosis agent) (Calyptromyces circinelloides)",11800
"514","Mucor lusitanicus CBS 277.49",11365
"515","Naematelia encephala",7723
"516","Neocallimastix californiae",18924
"517","Neohortaea acidophila",9583
"518","Neolentinus lepideus HHB14362 ss-1",12840
"519","Neonectria ditissima",12221
"520","Neosartorya fischeri (strain ATCC 1020 / DSM 3700 / CBS 544.65 / FGSC A1164 / JCM 1740 / NRRL 181 / WB 181) (Aspergillus fischerianus)",10070
"521","Neurospora crassa",13014
"522","Neurospora crassa (strain ATCC 24698 / 74-OR23-1A / CBS 708.71 / DSM 1257 / FGSC 987)",9845
"523","Neurospora tetrasperma (strain FGSC 2508 / ATCC MYA-4615 / P0657)",9991
"524","Neurospora tetrasperma (strain FGSC 2509 / P0656)",10789
"525","Oidiodendron maius (strain Zn)",16292
"526","Ophiobolus disseminans",15640
"527","Ophiocordyceps australis",15473
"528","Ophiocordyceps camponoti-leonardi (nom. inval.)",6686
"529","Ophiocordyceps camponoti-rufipedis",7287
"530","Ophiocordyceps camponoti-saundersi (nom. inval.)",6591
"531","Ophiocordyceps polyrhachis-furcata BCC 54312",9672
"532","Ophiocordyceps sinensis (strain Co18 / CGMCC 3.14243) (Yarsagumba caterpillar fungus) (Hirsutella sinensis)",6768
"533","Ophiocordyceps unilateralis (Zombie-ant fungus) (Torrubia unilateralis)",8370
"534","Ophiostoma piceae (strain UAMH 11346) (Sap stain fungus)",8410
"535","Orbilia oligospora (Nematode-trapping fungus) (Arthrobotrys oligospora)",54572
"536","Panaeolus cyanescens",12740
"537","Paracoccidioides brasiliensis",14322
"538","Paracoccidioides brasiliensis (strain Pb03)",8133
"539","Paracoccidioides brasiliensis (strain Pb18)",8096
"540","Paracoccidioides lutzii (strain ATCC MYA-826 / Pb01) (Paracoccidioides brasiliensis)",8797
"541","Paraphaeosphaeria sporulosa",14398
"542","Parasitella parasitica",12718
"543","Paxillus involutus ATCC 200175",11563
"544","Paxillus rubicundulus Ve08.2h10",21643
"545","Peltaster fructicola",7799
"546","Penicilliopsis zonata CBS 506.65",9497
"547","Penicillium antarcticum",10999
"548","Penicillium arizonense",11694
"549","Penicillium brasilianum",20755
"550","Penicillium camemberti (strain FM 013)",13949
"551","Penicillium chrysogenum (Penicillium notatum)",11135
"552","Penicillium coprophilum",8644
"553","Penicillium decumbens",6927
"554","Penicillium digitatum (Green mold)",8696
"555","Penicillium digitatum (strain Pd1 / CECT 20795) (Green mold)",8666
"556","Penicillium digitatum (strain PHI26 / CECT 20796) (Green mold)",8704
"557","Penicillium expansum (Blue mold rot fungus)",10760
"558","Penicillium flavigenum",10528
"559","Penicillium freii",11370
"560","Penicillium italicum (Blue mold)",9562
"561","Penicillium nalgiovense",11360
"562","Penicillium nordicum",12568
"563","Penicillium occitanis (nom. inval.)",10817
"564","Penicillium oxalicum (strain 114-2 / CGMCC 5302) (Penicillium decumbens)",9648
"565","Penicillium patulum (Penicillium griseofulvum)",9271
"566","Penicillium polonicum",10318
"567","Penicillium roqueforti (strain FM164)",11999
"568","Penicillium rubens (strain ATCC 28089 / DSM 1075 / NRRL 1951 / Wisconsin 54-1255) (Penicillium chrysogenum)",12224
"569","Penicillium solitum",11549
"570","Penicillium steckii",10054
"571","Penicillium subrubescens",13661
"572","Penicillium vulpinum",9862
"573","Peniophora sp. CBMAI 1063",16814
"574","Peniophora sp. CONT",18531
"575","Periconia macrospinosa",18278
"576","Pestalotiopsis fici (strain W106-1 / CGMCC3.15140)",14924
"577","Petromyces alliaceus (Aspergillus alliaceus)",22367
"578","Phaeoacremonium minimum (strain UCR-PA7) (Esca disease fungus) (Togninia minima)",8642
"579","Phaeomoniella chlamydospora",6600
"580","Phaeosphaeria nodorum (strain SN15 / ATCC MYA-4574 / FGSC 10173) (Glume blotch fungus) (Parastagonospora nodorum)",28308
"581","Phaffia rhodozyma (Yeast) (Xanthophyllomyces dendrorhous)",6231
"582","Phanerochaete carnosa (strain HHB-10118-sp) (White-rot fungus) (Peniophora carnosa)",13589
"583","Phellinidium pouzarii",6923
"584","Phialocephala subalpina",19562
"585","Phialophora americana",11134
"586","Phialophora attinorum",11534
"587","Phlebiopsis gigantea (strain 11061_1 CR5-6) (White-rot fungus) (Peniophora gigantea)",11533
"588","Phycomyces blakesleeanus (strain ATCC 8743b / DSM 1359 / FGSC 10004 / NBRC 33097 / NRRL 1555)",15936
"589","Pichia kudriavzevii (Yeast) (Issatchenkia orientalis)",16568
"590","Pichia sorbitophila (strain ATCC MYA-4447 / BCRC 22081 / CBS 7064 / NBRC 10061 / NRRL Y-12695) (Hybrid yeast)",8562
"591","Piedraia hortae CBS 480.64",7335
"592","Piloderma croceum (strain F 1598)",20984
"593","Piromyces finnis",10096
"594","Piromyces sp. (strain E2)",14193
"595","Pisolithus microcarpus 441",20482
"596","Pisolithus tinctorius Marx 270",22142
"597","Plenodomus tracheiphilus IPT5",12815
"598","Pleomassaria siparia CBS 279.74",13085
"599","Pleurotus ostreatus PC15",11921
"600","Pochonia chlamydosporia 123",10835
"601","Pochonia chlamydosporia 170",13678
"602","Podospora anserina (strain S / ATCC MYA-4624 / DSM 980 / FGSC 10383) (Pleurage anserina)",12207
"603","Podospora comata",10053
"604","Polyporus arcularius HHB13444",17180
"605","Polyporus brumalis",17878
"606","Polytolypa hystricis UAMH7299",9585
"607","Postia placenta (strain ATCC 44394 / Madison 698-R) (Brown rot fungus) (Poria monticola)",8787
"608","Postia placenta MAD-698-R-SB12",12217
"609","Powellomyces hirtus",6189
"610","Protomyces lactucae-debilis",6542
"611","Pseudallescheria apiosperma (Scedosporium apiospermum)",8179
"612","Pseudocercospora eumusae",11636
"613","Pseudocercospora fijiensis (strain CIRAD86) (Black leaf streak disease fungus) (Mycosphaerella fijiensis)",12726
"614","Pseudocercospora musae",11648
"615","Pseudogymnoascus destructans",9147
"616","Pseudogymnoascus destructans (strain ATCC MYA-4855 / 20631-21) (Bat white-nose syndrome fungus) (Geomyces destructans)",8836
"617","Pseudogymnoascus sp. 03VT05",9902
"618","Pseudogymnoascus sp. 05NY08",9929
"619","Pseudogymnoascus sp. 23342-1-I1",10280
"620","Pseudogymnoascus sp. 24MN13",9885
"621","Pseudogymnoascus sp. VKM F-103",9289
"622","Pseudogymnoascus sp. VKM F-3557",9076
"623","Pseudogymnoascus sp. VKM F-3775",9166
"624","Pseudogymnoascus sp. VKM F-3808",9530
"625","Pseudogymnoascus sp. VKM F-4246",8114
"626","Pseudogymnoascus sp. VKM F-4281 (FW-2241)",8296
"627","Pseudogymnoascus sp. VKM F-4513 (FW-928)",8230
"628","Pseudogymnoascus sp. VKM F-4515 (FW-2607)",10158
"629","Pseudogymnoascus sp. VKM F-4516 (FW-969)",8893
"630","Pseudogymnoascus sp. VKM F-4517 (FW-2822)",10269
"631","Pseudogymnoascus sp. VKM F-4518 (FW-2643)",11058
"632","Pseudogymnoascus sp. VKM F-4519 (FW-2642)",10143
"633","Pseudogymnoascus sp. VKM F-4520 (FW-2644)",11053
"634","Pseudogymnoascus sp. WSF 3629",10603
"635","Pseudogymnoascus verrucosus",10316
"636","Pseudomassariella vexata",12216
"637","Pseudomicrostroma glucosiphilum",6290
"638","Pseudovirgaria hyperparasitica",10884
"639","Pseudozyma antarctica (strain T-34) (Yeast) (Candida antarctica)",6121
"640","Pseudozyma antarctica (Yeast) (Candida antarctica)",7944
"641","Pseudozyma flocculosa",7205
"642","Pseudozyma hubeiensis (strain SY62) (Yeast)",6951
"643","Psilocybe cyanescens",15159
"644","Pterula gracilis",12556
"645","Puccinia coronata f. sp. avenae",42204
"646","Puccinia graminis f. sp. tritici",57298
"647","Puccinia graminis f. sp. tritici (strain CRL 75-36-700-3 / race SCCL) (Black stem rust fungus)",15405
"648","Puccinia sorghi",20462
"649","Puccinia striiformis",27171
"650","Puccinia striiformis f. sp. tritici PST-78",19510
"651","Puccinia triticina (isolate 1-1 / race 1 (BBBD)) (Brown leaf rust fungus)",23813
"652","Purpureocillium lilacinum (Paecilomyces lilacinus)",25834
"653","Pycnoporus cinnabarinus (Cinnabar-red polypore) (Trametes cinnabarina)",9535
"654","Pyrenochaeta sp. DS3sAY3a",14574
"655","Pyrenophora seminiperda CCB06",8295
"656","Pyrenophora teres f. teres",11040
"657","Pyrenophora teres f. teres (strain 0-1) (Barley net blotch fungus) (Drechslera teres f. teres)",11335
"658","Pyrenophora tritici-repentis",18527
"659","Pyrenophora tritici-repentis (strain Pt-1C-BFP) (Wheat tan spot fungus) (Drechslera tritici-repentis)",11709
"660","Pyronema omphalodes (strain CBS 100304) (Pyronema confluens)",12848
"661","Pyrrhoderma noxium",9487
"662","Rachicladosporium antarcticum",17894
"663","Rachicladosporium sp. CCFEE 5018",17521
"664","Ramularia collo-cygni",6424
"665","Rasamsonia emersonii CBS 393.64",9482
"666","Rhinocladiella mackenziei CBS 650.93",11021
"667","Rhizoclosmatium globosum",16337
"668","Rhizoctonia solani",11094
"669","Rhizoctonia solani 123E",10493
"670","Rhizoctonia solani AG-3 Rhs1AP",12086
"671","Rhizoctonia solani AG-8 WAC10335",12095
"672","Rhizophagus clarus",26349
"673","Rhizophagus irregularis",77629
"674","Rhizophagus irregularis (strain DAOM 181602 / DAOM 197198 / MUCL 43194) (Arbuscular mycorrhizal fungus) (Glomus intraradices)",47075
"675","Rhizophagus irregularis (strain DAOM 197198w) (Glomus intraradices)",28118
"676","Rhizophagus sp. MUCL 43196",21921
"677","Rhizopogon vesiculosus",12711
"678","Rhizopogon vinicolor AM-OR11-026",14168
"679","Rhizopus azygosporus (Rhizopus microsporus var. azygosporus)",15445
"680","Rhizopus delemar (strain RA 99-880 / ATCC MYA-4621 / FGSC 9543 / NRRL 43880) (Mucormycosis agent) (Rhizopus arrhizus var. delemar)",16569
"681","Rhizopus microsporus",11136
"682","Rhizopus microsporus ATCC 52813",10599
"683","Rhizopus microsporus var. microsporus",11240
"684","Rhizopus stolonifer (Rhizopus nigricans)",13658
"685","Rhodofomes roseus",10550
"686","Rhodotorula diobovata",7572
"687","Rhodotorula graminis (strain WP1)",6933
"688","Rhodotorula sp. JG-1b",6359
"689","Rhodotorula taiwanensis",6652
"690","Rhodotorula toruloides (strain NP11) (Yeast) (Rhodosporidium toruloides)",7741
"691","Rhodotorula toruloides (Yeast) (Rhodosporidium toruloides)",26066
"692","Rhynchosporium agropyri",13243
"693","Rhynchosporium commune",11942
"694","Rhynchosporium secalis (Barley scald fungus)",12861
"695","Rickenella mellea",16710
"696","Rosellinia necatrix (White root-rot fungus)",12058
"697","Rozella allomycis (strain CSF55)",10857
"698","Rutstroemia sp. NJR-2017a BBW",10450
"699","Rutstroemia sp. NJR-2017a BVV2",8285
"700","Rutstroemia sp. NJR-2017a WRK4",10137
"701","Saccharomyces cerevisiae (strain ATCC 204508 / S288c) (Baker's yeast)",6718
"702","Saccharomyces cerevisiae x Saccharomyces kudriavzevii (strain VIN7) (Yeast)",7504
"703","Saccharomyces pastorianus (Lager yeast) (Saccharomyces cerevisiae x Saccharomyces eubayanus)",10508
"704","Saitoella complicata (strain BCRC 22490 / CBS 7301 / JCM 7358 / NBRC 10748 / NRRL Y-17804)",6784
"705","Saitozyma podzolica",9796
"706","Salinomyces thailandica",8402
"707","Schizophyllum commune (strain H4-8 / FGSC 9210) (Split gill fungus)",12780
"708","Schizopora paradoxa",16729
"709","Scleroderma citrinum Foug A",20619
"710","Sclerotinia borealis (strain F-4128)",9745
"711","Sclerotinia sclerotiorum (strain ATCC 18683 / 1980 / Ss-1) (White mold) (Whetzelinia sclerotiorum)",24794
"712","Scytalidium lignicola (Hyphomycete)",11683
"713","Serendipita indica (strain DSM 11827) (Root endophyte fungus) (Piriformospora indica)",11355
"714","Serendipita vermifera MAFF 305830",14601
"715","Serpula lacrymans var. lacrymans (strain S7.3) (Dry rot fungus)",14103
"716","Serpula lacrymans var. lacrymans (strain S7.9) (Dry rot fungus)",12495
"717","Sistotremastrum niveocremeum HHB9708",12746
"718","Sistotremastrum suecicum HHB10207 ss-3",13334
"719","Smittium angustum",6335
"720","Smittium culicis",20425
"721","Smittium megazygosporum",6533
"722","Smittium mucronatum",7592
"723","Smittium simulii",6161
"724","Sodiomyces alkalinus F11",9063
"725","Sordaria macrospora (strain ATCC MYA-333 / DSM 997 / K(L3346) / K-hell)",9452
"726","Sparassis crispa",12680
"727","Sphaceloma murrayae",7942
"728","Sphaerobolus stellatus (strain SS14)",24421
"729","Sphaerosporella brunnea",12118
"730","Sphaerulina musiva (strain SO2202) (Poplar stem canker fungus) (Septoria musiva)",9859
"731","Spizellomyces punctatus (strain DAOM BR117)",8809
"732","Spizellomyces sp. 'palustris'",8080
"733","Sporisorium graminicola",6107
"734","Sporisorium reilianum (strain SRZ2) (Maize head smut fungus)",6188
"735","Sporisorium scitamineum",10461
"736","Sporormia fimetaria CBS 119925",10447
"737","Sporothrix brasiliensis 5110",8689
"738","Sporothrix insectorum RCEF 264",9021
"739","Sporothrix schenckii (strain ATCC 58251 / de Perez 2211183) (Rose-picker's disease fungus)",8652
"740","Sporothrix schenckii 1099-18",9842
"741","Stachybotrys chartarum (strain CBS 109288 / IBT 7711) (Toxic black mold) (Stilbospora chartarum)",11006
"742","Stachybotrys chartarum IBT 40288",10891
"743","Stachybotrys chlorohalonata (strain IBT 40285)",10209
"744","Stagonospora sp. SRC1lsM3a",14047
"745","Steccherinum ochraceum",11832
"746","Stemphylium lycopersici",8477
"747","Suillus luteus UH-Slu-Lm8-n1",18005
"748","Syncephalastrum racemosum (Filamentous fungus)",10781
"749","Synchytrium endobioticum",12764
"750","Talaromyces amestolkiae",9007
"751","Talaromyces atroroseus",9133
"752","Talaromyces islandicus (Penicillium islandicum)",9476
"753","Talaromyces marneffei (Penicillium marneffei)",9829
"754","Talaromyces marneffei (strain ATCC 18224 / CBS 334.59 / QM 7333) (Penicillium marneffei)",10030
"755","Talaromyces marneffei PM1",11562
"756","Talaromyces pinophilus (Penicillium pinophilum)",10574
"757","Talaromyces rugulosus",11323
"758","Talaromyces stipitatus (strain ATCC 10500 / CBS 375.48 / QM 6759 / NRRL 1006) (Penicillium stipitatum)",12545
"759","Teratosphaeria nubilosa",10762
"760","Terfezia boudieri ATCC MYA-4762",11718
"761","Termitomyces sp. J132",10808
"762","Testicularia cyperi",6551
"763","Thamnocephalis sphaerospora",6629
"764","Thanatephorus cucumeris (strain AG1-IA) (Rice sheath blight fungus) (Rhizoctonia solani)",10135
"765","Thanatephorus cucumeris (strain AG1-IB / isolate 7/3/14) (Lettuce bottom rot fungus) (Rhizoctonia solani)",22851
"766","Thermothelomyces thermophilus (strain ATCC 42464 / BCRC 31852 / DSM 1799) (Sporotrichum thermophile)",8776
"767","Thermothielavioides terrestris",9222
"768","Thermothielavioides terrestris (strain ATCC 38088 / NRRL 8126) (Thielavia terrestris)",9445
"769","Thyridium curvatum",11612
"770","Tilletia caries (wheat bunt fungus)",6017
"771","Tilletia indica",6601
"772","Tilletiaria anomala (strain ATCC 24038 / CBS 436.72 / UBC 951)",6390
"773","Tilletiopsis washingtonensis",6620
"774","Tolypocladium capitatum",7275
"775","Tolypocladium ophioglossoides (strain CBS 100239) (Elaphocordyceps ophioglossoides)",7835
"776","Tolypocladium paradoxum",8613
"777","Trametes coccinea BRFM310",12338
"778","Trametes pubescens (White-rot fungus)",13724
"779","Trematosphaeria pertusa",16906
"780","Tremella mesenterica (Jelly fungus)",7751
"781","Trichodelitschia bisporula",9884
"782","Trichoderma arundinaceum",10050
"783","Trichoderma asperellum",8811
"784","Trichoderma asperellum CBS 433.97",12164
"785","Trichoderma citrinoviride",9487
"786","Trichoderma gamsii",19352
"787","Trichoderma guizhouense",10886
"788","Trichoderma harzianum (Hypocrea lixii)",35616
"789","Trichoderma harzianum CBS 226.95",13608
"790","Trichoderma longibrachiatum ATCC 18648",10588
"791","Trichoderma parareesei (Filamentous fungus)",8739
"792","Trichomonascus ciferrii",6731
"793","Trichophyton equinum (strain ATCC MYA-4606 / CBS 127.97) (Horse ringworm fungus)",8414
"794","Trichophyton interdigitale (strain MR816)",7929
"795","Trichophyton rubrum (Athlete's foot fungus) (Epidermophyton rubrum)",6791
"796","Trichophyton rubrum (strain ATCC MYA-4607 / CBS 118892) (Athlete's foot fungus)",9747
"797","Trichophyton rubrum CBS 288.86",9990
"798","Trichophyton soudanense CBS 452.61",10012
"799","Trichophyton tonsurans (strain CBS 112818) (Scalp ringworm fungus)",8243
"800","Trichophyton verrucosum (strain HKI 0517)",7736
"801","Trichophyton violaceum",6765
"802","Trichosporon asahii var. asahii (strain ATCC 90039 / CBS 2479 / JCM 2466 / KCTC 7840 / NBRC 103889/ NCYC 2677 / UAMH 7654) (Yeast)",7962
"803","Trichosporon asahii var. asahii (strain CBS 8904) (Yeast)",8168
"804","Tuber aestivum (summer truffle)",8982
"805","Tuber borchii (White truffle)",12135
"806","Tuber magnatum (white Piedmont truffle)",9063
"807","Tuber melanosporum (strain Mel28) (Perigord black truffle)",7217
"808","Tulasnella calospora MUT 4182",19055
"809","Uncinocarpus reesii (strain UAMH 1704)",7494
"810","Uncinula necator (Grape powdery mildew)",6363
"811","uncultured fungus",6235
"812","Ustilaginoidea virens (Rice false smut fungus) (Villosiclava virens)",6292
"813","Ustilago bromivora",6715
"814","Ustilago hordei (Barley covered smut fungus)",6659
"815","Ustilago maydis (strain 521 / FGSC 9021) (Corn smut fungus)",6346
"816","Ustilago trichophora",12031
"817","Valsa mali",10762
"818","Valsa mali var. pyri (nom. inval.)",10373
"819","Valsa malicola",10174
"820","Valsa sordida",9485
"821","Venturia effusa",10457
"822","Venturia nashicola",11387
"823","Venustampulla echinocandica",10271
"824","Verruconis gallopava",10467
"825","Verticillium alfalfae (strain VaMs.102 / ATCC MYA-4576 / FGSC 10136) (Verticillium wilt of alfalfa) (Verticillium albo-atrum)",9986
"826","Verticillium dahliae (strain VdLs.17 / ATCC MYA-4575 / FGSC 10137) (Verticillium wilt)",10212
"827","Verticillium dahliae (Verticillium wilt)",24299
"828","Verticillium longisporum",30906
"829","Verticillium nonalfalfae",9220
"830","Viridothelium virens",11490
"831","Wallemia ichthyophaga",6667
"832","Wallemia mellicola",14614
"833","Westerdykella ornata",10079
"834","Wickerhamomyces anomalus (strain ATCC 58044 / CBS 1984 / NCYC 433 / NRRL Y-366-8) (Yeast) (Hansenula anomala)",6260
"835","Wickerhamomyces ciferrii (strain ATCC 14091 / BCRC 22168 / CBS 111 / JCM 3599 / NBRC 0793 / NRRL Y-1031 F-60-10) (Yeast) (Pichia ciferrii)",6477
"836","Wolfiporia cocos (strain MD-104) (Brown rot fungus)",11923
"837","Xylaria flabelliformis",10889
"838","Xylaria grammica",11618
"839","Xylaria hypoxylon",10638
"840","Xylaria multiplex",9770
"841","Xylariales sp. No.14919",13903
"842","Xylona heveae (strain CBS 132557 / TC161)",7882
"843","Yarrowia lipolytica (Candida lipolytica)",10964
"844","Yarrowia lipolytica (strain CLIB 122 / E 150) (Yeast) (Candida lipolytica)",6239
"845","Zancudomyces culisetae (Gut fungus) (Smittium culisetae)",7214
"846","Zasmidium cellare ATCC 36951",15636
"847","Zopfia rhizophila CBS 207.26",21021
"848","Zygosaccharomyces rouxii (Candida mogii)",9867
"849","Zymoseptoria brevis",10217
"850","Zymoseptoria tritici (strain CBS 115943 / IPO323) (Speckled leaf blotch fungus) (Septoria tritici)",10689
"851","Zymoseptoria tritici ST99CH_1A5",11635
"852","Zymoseptoria tritici ST99CH_1E4",11594
"853","Zymoseptoria tritici ST99CH_3D7",11350
